{"train_loss": 0.7043090462684631, "epoch": 4, "trainer/global_step": 4649, "_step": 96, "_runtime": 604, "_timestamp": 1629834576, "val_loss": 0.6940372586250305, "acc": 0.4699999988079071, "current_lr": 0.0010000000474974513}